{"timestamps": [1781247955.8334124, 1781248015.8696659, 1781248075.9486341, 1781248136.334878, 1781248196.3733475], "gpu_vram_used_mb": {"0": [107, 3976, 3863, 87, 16050], "1": [1599, 6038, 6032, 149, 16050]}, "gpu_temp_c": {"0": [43, 47, 43, 41, 39], "1": [53, 53, 47, 45, 44]}, "gpu_fan_pct": {"0": [0, 0, 0, 0, 0], "1": [34, 32, 30, 30, 30]}}